N,P,K,Temperature,Humidity,PH,Rainfall,Soil_type,Season,Budget_per_Hecture,Label
90,42,43,20.87974371,82.00274423,6.502985292,202.9355362,Alluvial,Kharif(June - Octomber),31338.4135,Rice
60,55,44,23.00445915,82.3207629,7.840207144,263.9642476,Black,Kharif(June - Octomber),25643.2467,Rice
78,42,42,20.13017482,81.60487287,7.628472891,262.7173405,Alluvial,Kharif(June - Octomber),25643.2467,Rice
69,55,38,22.70883798,82.63941394,5.70080568,271.3248604,Red & Yellow,Kharif(June - Octomber),24532.26426,Rice
89,54,38,24.51588066,83.5352163,6.685346424,230.4462359,Alluvial,Kharif(June - Octomber),28643.53262,Rice
91,53,40,26.52723513,81.41753846,5.386167788,264.6148697,Red & Yellow,Kharif(June - Octomber),25643.2467,Rice
77,38,36,21.8652524,80.1923008,5.953933276,224.5550169,Red & Yellow,Kharif(June - Octomber),29764.4727,Rice
76,40,43,25.15745531,83.11713476,5.070175667,231.3843163,Red & Yellow,Kharif(June - Octomber),28643.53262,Rice
67,59,41,21.94766735,80.97384195,6.012632591,213.3560921,Alluvial,Kharif(June - Octomber),30453.262,Rice
83,41,43,21.0525355,82.67839517,6.254028451,233.1075816,Alluvial,Kharif(June - Octomber),28643.53262,Rice
98,47,37,23.48381344,81.33265073,7.375482851,224.0581164,Black,Kharif(June - Octomber),29764.4727,Rice
66,53,41,25.0756354,80.52389148,7.778915154,257.0038865,Black,Kharif(June - Octomber),25643.2642,Rice
97,59,43,26.35927159,84.04403589,6.286500176,271.3586137,Red & Yellow,Kharif(June - Octomber),21321.12532,Rice
97,50,41,24.52922681,80.54498576,7.070959995,260.2634026,Clay,Kharif(June - Octomber),26542.42642,Rice
60,49,44,20.77576147,84.49774397,6.244841491,240.0810647,Alluvial,Kharif(June - Octomber),27653.24743,Rice
98,53,38,20.26707606,81.63895217,5.01450727,270.4417274,Red & Yellow,Kharif(June - Octomber),21321.12532,Rice
88,54,44,25.7354293,83.88266234,6.149410611,233.1321372,Alluvial,Kharif(June - Octomber),28643.53262,Rice
95,55,42,26.79533926,82.1480873,5.950660556,193.3473987,Red & Yellow,Kharif(June - Octomber),30234.3262,Rice
95,39,36,23.86330467,83.15250801,5.561398642,285.2493645,Red & Yellow,Kharif(June - Octomber),19874.32623,Rice
71,54,16,22.61359953,63.69070564,5.749914421,87.75953857,Sandy,Kharif(June - Octomber),13513.92,Maize
74,48,17,21.63162756,60.27766379,6.430616465,69.21803098,Sandy,Kharif(June - Octomber),16778.07868,Maize
89,60,17,25.37548751,57.21025565,5.983952675,101.7004306,Sandy,Kharif(June - Octomber),10272.67974,Maize
69,51,23,22.21738222,72.85462807,6.80163854,106.6213157,Sandy,Kharif(June - Octomber),9900.686687,Maize
96,46,22,20.58314011,69.00128641,6.499936446,66.29390357,Sandy,Kharif(June - Octomber),16778.07868,Maize
61,60,15,24.87502824,68.74248334,6.265564338,91.26056654,Sandy,Kharif(June - Octomber),14463.585,Maize
74,58,18,20.03728219,56.35606753,6.727303282,109.024141,Sandy,Kharif(June - Octomber),9800.75875,Maize
74,43,23,25.95263264,61.89082199,6.325235159,99.57981207,Sandy,Kharif(June - Octomber),10987.65759,Maize
63,43,17,19.28889933,65.47050802,6.807487794,71.3195307,Clay,Kharif(June - Octomber),12400.14124,Maize
75,53,18,20.68899915,59.4375337,6.864793607,103.651438,Clay,Kharif(June - Octomber),10272.67974,Maize
81,45,23,19.32666088,68.034493,6.192360003,84.22969177,Sandy,Kharif(June - Octomber),11300.21412,Maize
73,45,21,24.60532218,73.58868502,6.636803223,96.59195302,Sandy,Kharif(June - Octomber),14272.35325,Maize
71,35,24,22.27373646,59.52193158,5.826426917,67.96704792,Sandy,Kharif(June - Octomber),15600.24542,Maize
96,54,22,25.70196694,61.33450447,6.960358276,83.20711308,Clay,Kharif(June - Octomber),11300.21412,Maize
99,39,18,19.20129357,68.30578978,6.11275104,87.85092352,Sandy,Kharif(June - Octomber),14463.585,Maize
94,50,19,23.30355338,73.62548442,5.873242491,97.59081274,Sandy,Kharif(June - Octomber),13600.46426,Maize
76,39,24,24.2547451,55.64709899,6.995843776,64.23845455,Clay,Kharif(June - Octomber),16000.34635,Maize
77,52,17,24.86374934,65.7420046,5.714799723,75.82270467,Sandy,Kharif(June - Octomber),11600.63463,Maize
81,49,20,18.04185513,60.61494304,5.513697923,104.2321615,Sandy,Kharif(June - Octomber),10272.67974,Maize
90,52,25,25.97482359,69.36385721,6.822586546,103.2234212,Clay,Kharif(June - Octomber),10272.67974,Maize
31,70,77,20.88818675,14.32313811,6.492546046,90.46228334,Sandy,Rabi(November - April),5250,Chickpea
25,68,77,20.09340593,15.11279612,7.701446446,85.74904898,Black,Rabi(November - April),9450,Chickpea
60,68,83,19.12065218,18.43475844,6.620900869,85.52950164,Sandy,Rabi(November - April),6200,Chickpea
22,67,78,17.16606398,14.42457525,6.204090835,72.32667516,Sandy,Rabi(November - April),6300,Chickpea
59,60,84,19.03025305,18.66725565,7.690962338,94.70992037,Black,Rabi(November - April),6400,Chickpea
43,68,81,17.47809436,17.93253975,6.761599706,78.92060234,Sandy,Rabi(November - April),6500,Chickpea
42,79,85,17.22385224,15.82069268,6.129533877,76.57580954,Sandy,Rabi(November - April),6600,Chickpea
57,58,77,18.72649425,17.58406365,7.978996755,81.20176515,Black,Rabi(November - April),9450,Chickpea
46,76,77,18.2356751,19.68538502,6.967843048,83.74879344,Sandy,Rabi(November - April),6950,Chickpea
54,61,77,18.81198127,15.21618225,6.206582193,77.5429424,Sandy,Rabi(November - April),7000,Chickpea
59,55,79,20.36720401,16.89574311,8.766128654,82.2545577,Black,Rabi(November - April),5250,Chickpea
57,68,81,17.17012591,17.30457712,8.081095263,72.78624223,Black,Rabi(November - April),7200,Chickpea
57,73,85,18.49311205,14.72115044,7.358099622,91.94595352,Black,Rabi(November - April),8150,Chickpea
22,64,82,19.48974337,17.17260319,6.4740245,87.51312796,Sandy,Rabi(November - April),8200,Chickpea
52,73,79,17.25769499,18.74943955,7.840339389,94.00287214,Black,Rabi(November - April),8250,Chickpea
35,63,76,17.81564548,17.60756635,7.714153038,90.82097601,Black,Rabi(November - April),9700,Chickpea
30,65,82,20.71424384,15.27824066,7.103798069,76.77888672,Black,Rabi(November - April),9750,Chickpea
57,56,78,17.34150229,18.75626255,8.861479668,67.9545435,Black,Rabi(November - April),5200,Chickpea
48,65,78,17.43732714,14.33847406,7.861128148,73.0926704,Black,Rabi(November - April),5250,Chickpea
36,56,83,18.89780215,19.76182946,7.4526709,69.09512477,Black,Rabi(November - April),5300,Chickpea
40,58,75,18.59190771,14.77959596,7.168096055,89.60982451,Black,Rabi(November - April),9950,Chickpea
49,69,82,18.31561493,15.36143547,7.26311855,81.78710463,Black,Rabi(November - April),10000,Chickpea
13,60,25,17.13692774,20.59541693,5.68597166,128.256862,Loam,Rabi(November - April),15100,Kidneybeans
17,59,17,18.4167001,23.42829938,5.689858133,132.9801054,Loam,Rabi(November - April),15900,Kidneybeans
27,59,22,21.81167649,23.20591245,5.794158504,130.0608093,Loam,Rabi(November - April),16000,Kidneybeans
6,77,25,20.61162204,24.36314135,5.792744849,69.63833855,Loam,Rabi(November - April),16600,Kidneybeans
22,79,17,21.42451099,20.39659714,5.912289889,116.5206923,Alluvial,Rabi(November - April),16700,Kidneybeans
27,80,15,19.07096165,21.21092266,5.788386951,86.21917578,Loam,Rabi(November - April),16800,Kidneybeans
10,55,23,21.18853178,19.63438599,5.728233081,137.1948633,Loam,Rabi(November - April),16900,Kidneybeans
23,65,20,23.0429097,22.42610972,5.833940084,108.3684316,Loam,Rabi(November - April),17000,Kidneybeans
19,78,16,20.65375833,23.10538637,5.967533236,67.71768947,Alluvial,Rabi(November - April),17100,Kidneybeans
19,65,25,18.09551014,18.29318436,5.625096446,144.7902323,Loam,Rabi(November - April),17200,Kidneybeans
9,77,17,20.12373284,24.45202552,5.783425416,106.158201,Loam,Rabi(November - April),18400,Kidneybeans
1,62,23,15.43546065,18.37477907,5.607808432,139.0302034,Loam,Rabi(November - April),18500,Kidneybeans
33,59,22,22.64236876,21.59396123,5.946999529,122.3886015,Alluvial,Rabi(November - April),18600,Kidneybeans
23,59,19,21.98560799,24.87304788,5.852046999,129.5650601,Loam,Rabi(November - April),18700,Kidneybeans
6,62,22,20.53052663,18.09224048,5.824090984,120.4509288,Loam,Rabi(November - April),18800,Kidneybeans
25,63,20,15.78601387,21.14544088,5.502999119,95.17028129,Loam,Rabi(November - April),18900,Kidneybeans
7,79,23,19.6365349,19.68751084,5.821649914,96.65888933,Loam,Rabi(November - April),19000,Kidneybeans
8,72,17,20.57341244,19.7520218,5.711439256,87.87869161,Loam,Rabi(November - April),19100,Kidneybeans
35,69,23,16.78791503,24.96881755,5.578410206,75.45328039,Loam,Rabi(November - April),20300,Kidneybeans
3,77,25,24.84906168,22.89464642,5.608165195,62.21292186,Loam,Rabi(November - April),20400,Kidneybeans
5,62,23,27.9348279,66.45457122,4.722222454,145.3728801,Sandy,Zaid(March - June),24565.34627,Pigeonpeas
36,67,25,35.95176642,36.52780776,6.418062652,136.0456753,Sandy,Zaid(March - June),23542.52362,Pigeonpeas
1,66,23,19.54317155,56.92831399,4.803564468,173.1686574,Sandy,Zaid(March - June),17453.43262,Pigeonpeas
24,73,20,19.63736208,32.31528909,4.608695247,176.4134092,Sandy,Zaid(March - June),17653.3262,Pigeonpeas
17,67,18,31.2192752,56.46868874,5.611510977,129.2028653,Sandy,Zaid(March - June),12932.3262,Pigeonpeas
5,55,18,33.50876355,45.70976142,7.322097972,126.6738117,Black,Zaid(March - June),12654.52362,Pigeonpeas
5,56,24,24.80710166,45.01110015,5.023115055,188.4928637,Sandy,Zaid(March - June),18843.2626,Pigeonpeas
37,77,17,36.20970524,31.94550613,5.617122801,191.0658531,Sandy,Zaid(March - June),19143.262,Pigeonpeas
13,73,20,30.50420876,35.48885969,5.391560418,162.5927723,Sandy,Zaid(March - June),16234.2362,Pigeonpeas
6,63,23,26.01630259,49.94704718,5.906596905,160.3337447,Sandy,Zaid(March - June),16052.12515,Pigeonpeas
16,77,22,31.48469278,35.6395615,6.574209678,100.546816,Sandy,Zaid(March - June),40432.326,Pigeonpeas
25,64,20,33.15122581,32.45974539,4.807776749,105.0380275,Sandy,Zaid(March - June),40342.4262,Pigeonpeas
34,75,24,23.50222822,51.29019509,4.760038039,192.3023991,Sandy,Zaid(March - June),19324.252,Pigeonpeas
20,77,23,34.87248659,38.83786012,5.180271502,148.2502786,Sandy,Zaid(March - June),14832.266,Pigeonpeas
35,80,25,28.09269012,44.93322042,4.895927306,197.1144011,Sandy,Zaid(March - June),19764.26,Pigeonpeas
14,75,24,24.54757829,57.3414485,6.436160044,118.3606557,Sandy,Zaid(March - June),32425.3262,Pigeonpeas
36,80,21,33.64769646,48.41490082,7.066087261,100.4673278,Clay,Zaid(March - June),30045.4325,Pigeonpeas
7,77,18,20.5591255,60.54880693,6.655918078,191.0895109,Sandy,Zaid(March - June),19154.4326,Pigeonpeas
29,78,25,19.95991719,59.33157782,5.982854523,195.787103,Sandy,Zaid(March - June),19543.426,Pigeonpeas
30,60,21,28.87667593,62.4901206,5.457871273,182.2688175,Sandy,Zaid(March - June),18345.243,Pigeonpeas
3,49,18,27.91095209,64.70930606,3.692863601,32.67891866,Sandy,Rabi(November - April),34050,Mothbeans
23,45,21,31.46511256,51.79939437,8.985348193,74.44330654,Sandy,Rabi(November - April),34750,Mothbeans
29,57,20,25.60973447,50.7330069,5.87707519,53.39249517,Sandy,Rabi(November - April),34800,Mothbeans
31,35,23,30.30260453,47.18283631,7.707595055,68.04039813,Sandy,Rabi(November - April),34850,Mothbeans
0,55,25,28.17489437,43.6672299,4.524171562,45.78172762,Sandy,Rabi(November - April),34900,Mothbeans
7,45,22,25.50634557,44.8302551,9.926212291,74.32635105,Sandy,Rabi(November - April),34950,Mothbeans
17,58,25,31.12896766,43.58788762,6.455592696,32.76742894,Sandy,Rabi(November - April),34050,Mothbeans
11,44,17,26.34043268,55.59160391,8.016210782,35.1051197,Sandy,Rabi(November - April),34100,Mothbeans
22,49,22,28.23494706,61.5620517,3.71105919,72.66666443,Sandy,Rabi(November - April),34150,Mothbeans
22,55,24,28.56800579,57.30636014,8.66077954,64.53027638,Sandy,Rabi(November - April),37600,Mothbeans
35,51,17,28.79929247,49.84213387,3.558822825,40.85534718,Sandy,Rabi(November - April),37650,Mothbeans
17,56,17,27.94293692,45.41393636,5.9565851,69.66289997,Sandy,Rabi(November - April),37700,Mothbeans
28,57,17,30.47757686,61.58245338,9.416003106,61.86633917,Sandy,Rabi(November - April),37750,Mothbeans
22,36,16,30.58139475,50.77148138,8.18422855,64.58559639,Sandy,Rabi(November - April),37800,Mothbeans
11,41,19,26.85911286,41.81420849,5.131779302,44.13827124,Sandy,Rabi(November - April),37850,Mothbeans
38,38,18,26.31051759,61.18749126,6.294130313,35.73403813,Sandy,Rabi(November - April),37900,Mothbeans
23,37,24,28.77833449,44.2252605,7.991902443,33.95825723,Sandy,Rabi(November - April),37950,Mothbeans
25,35,20,28.90245417,43.35365671,8.923095695,71.90018566,Sandy,Rabi(November - April),38000,Mothbeans
40,45,20,29.37687468,57.69622912,6.878498176,38.34303462,Sandy,Rabi(November - April),34200,Mothbeans
23,58,19,24.17093241,58.25204566,5.243634849,59.18953429,Sandy,Rabi(November - April),34250,Mothbeans
38,36,21,28.02952623,84.8845732,6.556372966,36.12042927,Loam,Kharif(June - Octomber),38050,Mungbean
6,37,17,28.08657178,80.35005927,6.760694228,38.14476781,Loam,Kharif(June - Octomber),34050,Mungbean
6,47,18,29.16174608,80.28038146,6.715276663,40.16545979,Loam,Kharif(June - Octomber),37400,Mungbean
24,44,17,29.8596912,80.03499648,6.666380512,50.66487502,Loam,Kharif(June - Octomber),37450,Mungbean
25,59,19,29.06631494,83.6869203,6.626629798,43.95183726,Loam,Kharif(June - Octomber),37500,Mungbean
32,56,21,27.38538997,88.66663953,6.702772465,58.29933073,Loam,Kharif(June - Octomber),37550,Mungbean
8,45,18,27.93034941,85.42058715,7.011030515,43.25095608,Sandy,Kharif(June - Octomber),37600,Mungbean
19,39,17,29.2808618,81.8009244,6.890156495,44.47427436,Loam,Kharif(June - Octomber),37650,Mungbean
39,37,15,28.9973145,83.78911515,6.821747052,59.84499208,Loam,Kharif(June - Octomber),37700,Mungbean
33,37,19,27.92678579,86.5543196,7.183189922,43.4826194,Sandy,Kharif(June - Octomber),37750,Mungbean
26,54,17,28.5474135,88.9570454,6.27258822,49.4897245,Loam,Kharif(June - Octomber),37800,Mungbean
21,51,15,29.36488409,89.1886954,6.679127482,48.30159325,Loam,Kharif(June - Octomber),37850,Mungbean
22,54,20,28.56149805,83.63802195,6.689825155,41.013132,Loam,Kharif(June - Octomber),37900,Mungbean
29,45,16,28.43683487,87.91332682,6.583381939,43.12063289,Loam,Kharif(June - Octomber),37950,Mungbean
4,40,21,28.79728147,80.45744422,6.725551062,44.30070517,Loam,Kharif(June - Octomber),38000,Mungbean
10,37,22,28.7275267,89.12760359,7.069747814,58.52974279,Sandy,Kharif(June - Octomber),38800,Mungbean
4,44,19,27.95639663,83.52706038,6.921993878,43.25726752,Loam,Kharif(June - Octomber),38850,Mungbean
20,45,17,28.17458662,83.69659318,6.770955317,37.2464655,Loam,Kharif(June - Octomber),38900,Mungbean
23,45,23,28.77653519,86.69133979,6.983130466,56.12443206,Loam,Kharif(June - Octomber),38950,Mungbean
25,48,21,28.438097,83.48991368,6.267684328,52.55469976,Loam,Kharif(June - Octomber),39000,Mungbean
56,79,15,29.48439992,63.19915325,7.454532137,71.89090748,Clay,Rabi(November - April),5000,Blackgram
25,62,21,26.73433965,68.13999721,7.040056094,67.15096376,Clay,Rabi(November - April),5050,Blackgram
42,61,22,26.27274407,62.28814857,7.418650668,70.23207557,Sandy,Rabi(November - April),5100,Blackgram
42,73,25,34.03679184,67.21113844,6.501869314,73.23573601,Sandy,Rabi(November - April),5150,Blackgram
44,58,18,28.03644051,65.06601664,6.814410928,72.49507741,Sandy,Rabi(November - April),5200,Blackgram
42,58,25,27.45853567,62.90020977,6.513620918,69.46020927,Sandy,Rabi(November - April),6600,Blackgram
37,62,17,25.68576704,69.84354028,7.121254928,74.62068748,Clay,Rabi(November - April),8500,Blackgram
44,75,22,30.0328403,64.14800537,7.574561547,71.21006868,Clay,Rabi(November - April),8550,Blackgram
21,80,20,28.20667264,68.27085245,7.350869792,64.32887142,Clay,Rabi(November - April),8600,Blackgram
56,76,16,28.27265858,61.18956161,7.513151076,63.29900785,Clay,Rabi(November - April),8650,Blackgram
29,76,15,28.5417236,64.2020154,7.025607706,69.68862306,Clay,Rabi(November - April),8700,Blackgram
43,61,20,26.87187036,61.61367264,6.804253866,63.51822045,Sandy,Rabi(November - April),8750,Blackgram
55,60,15,32.79766751,68.77994074,7.163043872,64.11411069,Clay,Rabi(November - April),8800,Blackgram
44,63,15,26.42333018,64.51136845,7.338929556,63.46546487,Clay,Rabi(November - April),8850,Blackgram
29,67,21,29.79181107,63.38789228,6.621323612,63.02169909,Sandy,Rabi(November - April),8900,Blackgram
47,63,16,27.44003279,67.10464369,6.661870999,72.50669768,Sandy,Rabi(November - April),8950,Blackgram
40,68,17,34.1262979,65.14877461,7.733149554,70.40795007,Clay,Rabi(November - April),9000,Blackgram
42,79,23,27.71678273,63.29103387,6.781841984,68.56507978,Sandy,Rabi(November - April),9850,Blackgram
44,77,21,32.63918668,61.3009051,7.326980454,61.83876146,Clay,Rabi(November - April),9900,Blackgram
38,62,25,32.7477393,67.77954584,7.453975408,63.37784443,Clay,Rabi(November - April),9950,Blackgram
32,76,15,28.05153602,63.49802189,7.604110177,43.35795377,Loam,Rabi(November - April),27050,Lentil
2,72,18,26.57597546,60.97876599,7.836719564,50.89110726,Loam,Rabi(November - April),27350,Lentil
6,59,21,26.58972517,66.14007674,6.139215944,50.90994463,Loam,Rabi(November - April),31750,Lentil
13,64,20,19.1345771,62.57526895,6.590571088,36.46946971,Loam,Rabi(November - April),31800,Lentil
37,62,22,24.02037872,61.62313345,7.397546271,49.78102578,Loam,Rabi(November - April),27850,Lentil
31,60,24,25.40474421,65.8567539,7.722335992,51.92057267,Loam,Rabi(November - April),31500,Lentil
22,67,22,29.03017561,64.49166566,7.475926645,54.9393771,Loam,Rabi(November - April),27950,Lentil
3,78,18,20.21368219,68.65257685,6.887130053,50.89732989,Loam,Rabi(November - April),30600,Lentil
4,80,16,29.19585548,68.01965728,7.441976825,44.93261911,Loam,Rabi(November - April),30650,Lentil
13,61,24,18.29783597,69.6897615,7.629910253,49.39111479,Loam,Rabi(November - April),30700,Lentil
12,66,20,27.41434987,63.41785982,7.336117221,44.43177543,Loam,Rabi(November - April),30750,Lentil
4,61,21,24.84063998,60.09116626,6.75020529,48.77790371,Loam,Rabi(November - April),28200,Lentil
9,60,21,29.94413861,67.31323084,7.52178027,40.37113729,Loam,Rabi(November - April),28250,Lentil
18,66,22,25.87990287,67.55109024,6.347379185,47.89645224,Loam,Rabi(November - April),28300,Lentil
32,56,18,20.0467711,65.84395319,7.135251532,46.05333124,Loam,Rabi(November - April),28350,Lentil
14,67,25,25.28710601,60.85993533,7.241151936,49.37369982,Loam,Rabi(November - April),31800,Lentil
39,65,23,25.43459777,69.12613376,7.685959305,41.02682925,Loam,Rabi(November - April),31850,Lentil
19,72,15,28.83600962,69.76112921,6.890760124,44.08562546,Loam,Rabi(November - April),31900,Lentil
18,57,21,27.37659643,63.93927841,6.155915975,49.47371773,Loam,Rabi(November - April),27400,Lentil
31,58,15,28.31886863,60.19461399,6.167855382,45.36521251,Loam,Rabi(November - April),30600,Lentil
34,65,19,23.43974653,63.22011726,5.94239222,45.40277297,Loam,Rabi(November - April),29150,Lentil
82,77,46,28.9470467,82.1888998,5.901100841,95.83016448,Loam,Kharif(June - Octomber),256000,Banana
90,86,55,27.96236771,84.15403614,5.644486582,97.55986676,Loam,Kharif(June - Octomber),257000,Banana
95,88,52,28.00316034,78.90085998,6.235461772,94.68180316,Alluvial,Kharif(June - Octomber),258000,Banana
104,73,46,29.1400919,80.1190228,6.28236237,90.45142867,Alluvial,Kharif(June - Octomber),259000,Banana
102,73,52,27.9122104,83.36307683,6.356090905,90.24211529,Alluvial,Kharif(June - Octomber),274000,Banana
100,74,52,25.43480512,81.53977797,5.837258235,96.47800391,Loam,Kharif(June - Octomber),337000,Banana
94,89,48,28.55980972,84.51602322,5.653437902,111.0843029,Loam,Kharif(June - Octomber),338000,Banana
99,70,46,26.59580783,82.99556744,5.727469947,100.5123341,Loam,Kharif(June - Octomber),339000,Banana
112,87,48,27.19711623,77.3970629,6.200111068,99.46950465,Alluvial,Kharif(June - Octomber),340000,Banana
117,82,45,25.29391516,79.29122198,5.614471478,105.4220251,Loam,Kharif(June - Octomber),341000,Banana
96,86,51,29.90888522,76.98740841,6.257369799,91.99964712,Alluvial,Kharif(June - Octomber),272000,Banana
113,85,45,27.94972463,76.63713353,6.037430836,109.0921631,Alluvial,Kharif(June - Octomber),273000,Banana
105,93,46,25.01018457,78.76260938,5.760457558,108.3690513,Loam,Kharif(June - Octomber),274000,Banana
85,89,51,29.21144871,84.70189923,6.158164422,108.5501443,Alluvial,Kharif(June - Octomber),345000,Banana
108,94,47,27.35911627,84.54625006,6.387431383,90.81250457,Alluvial,Kharif(June - Octomber),346000,Banana
92,81,52,28.0106804,76.52808057,5.891413895,103.7040783,Loam,Kharif(June - Octomber),347000,Banana
110,71,54,28.67208915,82.20793613,5.725418961,94.37987496,Loam,Kharif(June - Octomber),348000,Banana
82,75,55,27.34585147,78.4873835,6.281069505,92.15524332,Alluvial,Kharif(June - Octomber),349000,Banana
117,81,53,29.50704598,78.20585613,5.507641778,98.12565829,Loam,Kharif(June - Octomber),350000,Banana
2,40,27,29.73770045,47.54885174,5.954626604,90.09586854,Sandy,Zaid(March - June),60000,Mango
39,24,31,33.55695561,53.72979826,4.757114897,98.67527561,Laterite,Zaid(March - June),60100,Mango
37,30,34,27.53907547,53.63549533,6.797779227,99.35408185,Alluvial,Zaid(March - June),61200,Mango
11,27,30,27.69637763,48.5622488,6.39474303,89.85646496,Alluvial,Zaid(March - June),65200,Mango
12,19,31,27.25373364,52.66319725,5.566704378,91.87312479,Laterite,Zaid(March - June),65300,Mango
3,28,33,30.33723921,48.88704844,5.755049971,94.42850522,Laterite,Zaid(March - June),65400,Mango
37,38,32,31.85744939,45.53106268,5.417340525,91.55845821,Laterite,Zaid(March - June),61600,Mango
26,37,30,35.39986338,49.45962621,6.166173834,97.41054011,Alluvial,Zaid(March - June),61700,Mango
14,18,30,29.80747243,52.13797867,5.191265116,95.74606104,Sandy,Zaid(March - June),61800,Mango
40,16,35,34.16438906,54.16482251,4.954739564,98.33351125,Laterite,Zaid(March - June),61900,Mango
7,31,27,31.32863689,47.59319575,6.524114355,94.67344737,Alluvial,Zaid(March - June),69000,Mango
29,34,26,33.88004781,54.39416048,6.273953676,89.29147581,Alluvial,Zaid(March - June),69100,Mango
8,37,33,28.07802689,54.9640534,6.128167757,97.45373619,Alluvial,Zaid(March - June),69200,Mango
39,16,27,35.53845018,52.94641947,4.934964765,91.54560427,Laterite,Zaid(March - June),69300,Mango
40,24,25,28.70595247,50.44030129,5.445008416,95.8946444,Sandy,Zaid(March - June),60500,Mango
19,38,26,31.48451729,48.77926304,4.525722333,93.17221967,Laterite,Zaid(March - June),60600,Mango
21,21,30,27.69819273,51.41593238,5.403908328,100.7720705,Sandy,Zaid(March - June),60700,Mango
22,18,33,30.41235793,52.48100602,6.621623545,93.92375879,Alluvial,Zaid(March - June),69700,Mango
31,20,30,32.17752026,54.01352682,6.207495815,91.88766069,Alluvial,Zaid(March - June),69800,Mango
18,26,31,32.6112614,47.74916499,5.418475257,91.10190759,Sandy,Zaid(March - June),69900,Mango
24,130,195,29.99677232,81.54156612,6.112305667,67.12534492,Loam,Rabi(November - April),47050,Grapes
13,144,204,30.7280404,82.42614055,6.092241627,68.38135469,Loam,Rabi(November - April),47100,Grapes
6,123,203,12.7567962,81.62497448,6.130310493,66.77844567,Loam,Rabi(November - April),47450,Grapes
17,134,204,39.04071989,80.18393287,6.499604931,73.88467027,Loam,Rabi(November - April),51600,Grapes
25,130,197,39.70772192,82.68593454,5.554831977,74.91506217,Sandy,Rabi(November - April),49750,Grapes
20,122,204,11.7976469,80.86325389,6.487369687,65.06962486,Loam,Rabi(November - April),49000,Grapes
40,126,201,11.36300891,80.03100049,6.116982944,71.18289431,Sandy,Rabi(November - April),51600,Grapes
36,128,204,25.23542319,80.68700527,5.695792761,67.03840888,Loam,Rabi(November - April),51650,Grapes
11,132,197,15.99050693,81.23966573,5.734317007,74.40198861,Loam,Rabi(November - April),51600,Grapes
0,137,195,22.4359017,80.18612085,6.329499832,65.3973168,Loam,Rabi(November - April),51650,Grapes
19,123,200,34.76086052,81.03544763,6.167013532,65.70430027,Sandy,Rabi(November - April),51700,Grapes
19,120,195,18.73932187,81.12109244,5.931538447,73.55807954,Sandy,Rabi(November - April),49900,Grapes
21,139,201,19.3642553,83.36094029,5.980598579,67.15094741,Sandy,Rabi(November - April),51600,Grapes
17,136,195,41.20733624,81.61051026,6.389783283,65.90227462,Loam,Rabi(November - April),51650,Grapes
6,142,202,27.23708304,82.94573346,6.224542938,70.42508897,Sandy,Rabi(November - April),51900,Grapes
37,124,195,18.70679077,83.4795292,6.209928251,66.5964488,Sandy,Rabi(November - April),51950,Grapes
35,134,204,9.949929082,82.55138983,5.841138354,66.00817551,Sandy,Rabi(November - April),52000,Grapes
18,30,29,26.7627493,92.86056895,6.420018717,224.5903664,Loam,Zaid(March - June),47000,Coconut
37,23,28,25.61294367,94.3138837,5.740054567,224.3206759,Loam,Zaid(March - June),47100,Coconut
13,28,33,28.130115,95.64807631,7.03545434,151.0761899,Clay,Zaid(March - June),47200,Coconut
2,21,35,25.02887163,91.53720922,6.293662363,179.8248944,Sandy,Zaid(March - June),47300,Coconut
10,18,35,27.79797651,99.64573002,6.381975465,181.6942283,Loam,Zaid(March - June),47400,Coconut
28,10,30,29.8690834,91.14723422,6.305740522,192.7678575,Loam,Kharif(June - Octomber),51400,Coconut
39,7,29,27.54273211,94.59086121,6.362544111,150.2012138,Loam,Kharif(June - Octomber),51500,Coconut
32,20,35,26.52166434,98.38227669,5.588655387,144.6261698,Loam,Kharif(June - Octomber),51600,Coconut
7,15,32,25.03512351,95.89739958,6.182232762,174.796583,Loam,Kharif(June - Octomber),51700,Coconut
29,17,29,29.20394909,95.66997327,5.959493188,211.2506267,Loam,Kharif(June - Octomber),47100,Coconut
34,15,34,27.05826457,91.10510371,5.677282678,224.7006953,Loam,Kharif(June - Octomber),47200,Coconut
14,23,25,26.18552389,96.96637916,5.612122797,135.4186222,Loam,Kharif(June - Octomber),47300,Coconut
18,19,29,27.59376845,92.48519606,6.206077742,162.8432736,Loam,Kharif(June - Octomber),52100,Coconut
7,21,35,25.76011662,94.65830608,5.764812076,131.2451414,Loam,Kharif(June - Octomber),52200,Coconut
24,27,34,28.87862994,95.11320315,6.203376525,145.0583117,Loam,Kharif(June - Octomber),52300,Coconut
39,29,29,26.50908611,94.48414544,6.143662699,199.8778403,Loam,Kharif(June - Octomber),52400,Coconut
29,8,28,26.87037587,91.72546257,6.100429497,214.4128874,Loam,Kharif(June - Octomber),52500,Coconut
28,27,32,28.94099669,93.00109012,5.764615485,191.7723087,Loam,Kharif(June - Octomber),47100,Coconut
23,21,26,26.45488737,93.45042636,5.901495544,149.2220255,Loam,Kharif(June - Octomber),47200,Coconut
37,5,34,25.79490531,93.84150618,5.779032666,152.4238712,Loam,Kharif(June - Octomber),47300,Coconut
19,26,29,26.93141945,98.80313612,5.67154928,166.5712879,Loam,Kharif(June - Octomber),56900,Coconut
126,38,23,25.36243778,83.63276077,6.176716425,88.43618918,Alluvial,Kharif(June - Octomber),7200,Cotton
126,50,19,24.69457084,81.7358876,6.628722836,78.58494391,Alluvial,Kharif(June - Octomber),7250,Cotton
113,41,20,25.0017188,80.53965818,7.256877571,96.32600992,Black,Kharif(June - Octomber),7300,Cotton
121,45,22,22.45942937,81.30681027,6.443785385,64.23026638,Loam,Kharif(June - Octomber),11050,Cotton
101,58,18,25.66891439,81.38103349,6.652143699,78.59595817,Alluvial,Kharif(June - Octomber),11150,Cotton
107,42,24,22.04612876,84.62978302,6.144631795,86.00758678,Alluvial,Kharif(June - Octomber),8100,Cotton
100,41,22,22.4204752,84.55794703,7.318802162,93.46595573,Black,Kharif(June - Octomber),8150,Cotton
134,52,18,23.9643129,76.59175937,7.994679507,76.13090645,Black,Kharif(June - Octomber),10350,Cotton
109,36,18,25.40059227,76.53237965,7.524707577,62.5138867,Black,Kharif(June - Octomber),10400,Cotton
100,52,19,23.45969093,82.44777468,7.903528673,93.50153555,Black,Kharif(June - Octomber),11200,Cotton
129,43,16,25.5503704,77.85055621,6.73210948,78.58488484,Alluvial,Kharif(June - Octomber),11250,Cotton
118,44,23,22.08458267,82.82904143,6.691690476,67.06459777,Alluvial,Kharif(June - Octomber),11300,Cotton
117,43,25,24.68854799,78.51206972,7.839849298,69.31153566,Black,Kharif(June - Octomber),7100,Cotton
126,37,21,25.84997269,84.16855231,6.61448588,77.03421249,Alluvial,Kharif(June - Octomber),7150,Cotton
120,48,16,22.46054478,75.40989245,7.456971816,71.85436078,Black,Kharif(June - Octomber),7200,Cotton
102,45,16,23.65629976,77.52425987,7.2942193,74.8984994,Black,Kharif(June - Octomber),11500,Cotton
110,39,18,24.54795322,75.39752705,7.766259769,63.88079866,Black,Kharif(June - Octomber),11850,Cotton
107,58,15,23.73868041,75.77503808,7.55606399,76.63669195,Black,Kharif(June - Octomber),11900,Cotton
120,60,15,22.31871914,83.86129998,7.288377241,65.35747011,Black,Kharif(June - Octomber),11950,Cotton
89,47,38,25.52468965,72.24850829,6.002524871,151.8869972,Loam,Kharif(June - Octomber),21000,Jute
76,54,45,24.29496635,77.62976013,6.176618831,184.9800516,Loam,Kharif(June - Octomber),22200,Jute
76,56,39,24.39459498,89.89106506,6.551130445,197.1220049,Loam,Kharif(June - Octomber),22250,Jute
81,40,45,25.7629429,80.76238215,6.427726565,174.5071843,Loam,Kharif(June - Octomber),22300,Jute
76,44,45,25.4879684,84.48235878,6.740947635,168.7848886,Alluvial,Kharif(June - Octomber),22350,Jute
69,47,40,25.37122686,76.2403666,6.130136384,183.8270791,Loam,Kharif(June - Octomber),22400,Jute
90,59,35,24.25133493,89.86454053,7.098227926,175.1742112,Alluvial,Kharif(June - Octomber),24650,Jute
73,43,42,26.58361011,78.00774772,6.310699968,154.8238864,Loam,Kharif(June - Octomber),25800,Jute
67,46,44,26.82489244,78.20392774,7.093328631,153.9199807,Alluvial,Kharif(June - Octomber),25850,Jute
84,37,42,25.49674786,81.13449097,6.691074249,169.9288234,Alluvial,Kharif(June - Octomber),25900,Jute
72,41,36,24.09874353,80.57226761,6.187746776,176.8604109,Loam,Kharif(June - Octomber),24850,Jute
71,56,37,23.18866654,86.20899734,6.491506245,176.103677,Loam,Kharif(June - Octomber),24900,Jute
64,53,38,26.24347471,78.51063754,6.855362875,183.4065252,Alluvial,Kharif(June - Octomber),24950,Jute
65,54,39,23.75091572,71.14782585,7.124571593,160.0889553,Alluvial,Kharif(June - Octomber),25000,Jute
60,58,37,26.13871511,79.1188943,6.067302109,171.4892533,Loam,Kharif(June - Octomber),25050,Jute
86,39,43,26.14576648,71.23690851,6.432051512,193.1007598,Loam,Kharif(June - Octomber),25100,Jute
90,50,44,26.91643698,73.48655995,6.253408852,171.4716375,Loam,Kharif(June - Octomber),25150,Jute
91,38,36,26.5232969,77.17331847,7.287318723,157.8548562,Alluvial,Kharif(June - Octomber),25200,Jute
87,48,38,23.81579631,80.94023552,7.161865733,190.312216,Alluvial,Kharif(June - Octomber),25250,Jute
72,41,36,26.50838667,86.84264005,6.065898283,152.9801697,Loam,Kharif(June - Octomber),25300,Jute
71,54,35,26.63952463,70.95705996,7.311077075,199.3355744,Alluvial,Kharif(June - Octomber),25350,Jute
82,46,41,23.3250131,79.79609448,6.581693772,187.3096148,Alluvial,Kharif(June - Octomber),25400,Jute
109,31,27,23.05951896,50.40609436,6.973839707,164.4971875,Mountain and Forest,Kharif(June - Octomber),30500,Coffee
89,25,34,23.07895447,63.65861483,7.184801627,129.8765443,Mountain and Forest,Kharif(June - Octomber),72000,Coffee
118,18,32,27.6496114,51.11044023,6.351823783,122.8392822,Mountain and Forest,Kharif(June - Octomber),72500,Coffee
111,32,34,25.46743689,69.35161206,6.392048018,171.3764462,Mountain and Forest,Kharif(June - Octomber),73000,Coffee
84,36,28,26.7350622,55.55164819,6.119892347,140.6305213,Mountain and Forest,Kharif(June - Octomber),73500,Coffee
85,33,25,26.20811417,52.50987966,6.910823945,189.0944824,Mountain and Forest,Kharif(June - Octomber),33000,Coffee
108,33,31,23.69287069,66.76090123,7.393825704,144.6576424,Mountain and Forest,Kharif(June - Octomber),39500,Coffee
91,25,26,24.53460016,66.99765375,7.482414225,180.5059257,Mountain and Forest,Kharif(June - Octomber),40000,Coffee
87,28,30,25.60153969,68.66257977,6.536676653,168.8383605,Mountain and Forest,Kharif(June - Octomber),56500,Coffee
82,24,26,24.31274458,53.57285558,6.089443603,184.4103931,Mountain and Forest,Kharif(June - Octomber),57000,Coffee
103,33,33,26.71717393,50.50148528,7.131435858,126.8073984,Mountain and Forest,Kharif(June - Octomber),30500,Coffee
93,26,27,24.59245684,56.46829641,7.288211994,137.7044047,Mountain and Forest,Kharif(June - Octomber),31000,Coffee
104,35,28,27.51006055,50.66687215,6.983732393,143.9955548,Mountain and Forest,Kharif(June - Octomber),69500,Coffee
116,36,25,27.57847581,58.52534263,6.172090205,156.6810374,Mountain and Forest,Kharif(June - Octomber),70000,Coffee
97,35,26,24.91461008,53.74144743,6.334610249,166.2549307,Mountain and Forest,Kharif(June - Octomber),74500,Coffee
107,34,32,26.77463708,66.4132686,6.78006386,177.7745075,Mountain and Forest,Kharif(June - Octomber),30000,Coffee
99,15,27,27.41711238,56.63636248,6.086922359,127.92461,Mountain and Forest,Kharif(June - Octomber),30500,Coffee
118,33,30,24.13179691,67.22512329,6.362607851,173.3228386,Mountain and Forest,Kharif(June - Octomber),31000,Coffee
117,32,34,26.2724184,52.12739421,6.758792552,127.1752928,Mountain and Forest,Kharif(June - Octomber),76500,Coffee
104,18,30,23.60301571,60.39647474,6.779832611,140.9370415,Mountain and Forest,Kharif(June - Octomber),77000,Coffee
59,70,84,17.3348681,18.74926979,6.550808267,82.61734721,Loam,Kharif(June - Octomber),36400,Soyabeans
42,62,75,18.17912258,18.90426935,6.010570541,81.84997529,Loam,Kharif(June - Octomber),38650,Soyabeans
26,80,83,17.08498521,16.14565756,6.528599957,71.31007253,Loam,Kharif(June - Octomber),37050,Soyabeans
25,68,77,20.09340593,15.11279612,6.701446446,85.74904898,Loam,Kharif(June - Octomber),37100,Soyabeans
22,67,78,17.16606398,14.42457525,6.204090835,72.32667516,Loam,Kharif(June - Octomber),38750,Soyabeans
36,65,80,18.2872007,16.67921616,6.051091339,74.87445574,Loam,Kharif(June - Octomber),38800,Soyabeans
59,60,84,19.03025305,18.66725565,6.690962338,94.70992037,Loam,Kharif(June - Octomber),38850,Soyabeans
54,77,85,17.1418614,17.0662427,6.829211144,83.74606679,Loam,Kharif(June - Octomber),40700,Soyabeans
43,68,81,17.47809436,17.93253975,6.761599706,78.92060234,Loam,Kharif(June - Octomber),40750,Soyabeans
32,60,83,19.69141713,19.44225438,6.829273328,91.76071648,Loam,Kharif(June - Octomber),40900,Soyabeans
22,78,76,17.84851658,19.09172907,6.621662982,76.32470713,Loam,Kharif(June - Octomber),37700,Soyabeans
42,67,77,18.99424448,15.9362937,6.114405288,78.69707199,Loam,Kharif(June - Octomber),40600,Soyabeans
39,76,76,19.96837462,15.57324389,6.135900726,69.15759062,Loam,Kharif(June - Octomber),36200,Soyabeans
35,63,76,17.81564548,17.60756635,6.714153038,90.82097601,Loam,Kharif(June - Octomber),36250,Soyabeans
30,65,82,20.71424384,15.27824066,6.103798069,76.77888672,Loam,Kharif(June - Octomber),36300,Soyabeans
57,56,78,17.34150229,18.75626255,6.861479668,67.9545435,Loam,Kharif(June - Octomber),36350,Soyabeans
48,65,78,17.43732714,14.33847406,6.861128148,73.0926704,Loam,Kharif(June - Octomber),40850,Soyabeans
36,56,83,18.89780215,19.76182946,6.4526709,69.09512477,Loam,Kharif(June - Octomber),40900,Soyabeans
40,58,75,18.59190771,14.77959596,6.168096055,89.60982451,Loam,Kharif(June - Octomber),38800,Soyabeans
49,69,82,18.31561493,15.36143547,6.26311855,81.78710463,Loam,Kharif(June - Octomber),38850,Soyabeans
13,60,25,17.13692774,20.59541693,5.68597166,128.256862,Loam,Rabi(November - April),60050,Beans
25,70,16,19.63474332,18.90705639,5.759237003,106.3598183,Loam,Rabi(November - April),60100,Beans
19,65,25,18.09551014,18.29318436,5.625096446,144.7902323,Loam,Rabi(November - April),61100,Beans
22,70,19,18.23775702,21.07643273,5.515615023,69.44951585,Loam,Rabi(November - April),61150,Beans
37,64,22,17.48189735,18.8251973,5.954665349,121.9401369,Loam,Rabi(November - April),61200,Beans
11,71,17,19.9191786,21.47324158,5.74644777,82.68554379,Loam,Rabi(November - April),61250,Beans
18,79,20,20.27514686,23.2353604,5.877347515,139.7521543,Loam,Rabi(November - April),61300,Beans
21,63,17,15.77370214,19.2303162,5.979973965,108.3441414,Loam,Rabi(November - April),61350,Beans
24,80,22,16.71170642,19.17651433,5.635993966,96.77285817,Loam,Rabi(November - April),61400,Beans
34,60,22,17.66148158,18.15302753,5.635231778,100.6711761,Loam,Rabi(November - April),61450,Beans
16,75,21,18.50692825,23.61670065,5.679224346,87.0513289,Loam,Rabi(November - April),61500,Beans
17,77,23,24.51324787,20.81527638,5.670062975,64.19497947,Loam,Rabi(November - April),61550,Beans
37,72,18,18.87614998,24.54038287,5.724242065,105.4120514,Loam,Rabi(November - April),61600,Beans
40,73,20,21.59343016,20.31871249,5.811314232,61.13872036,Loam,Rabi(November - April),61650,Beans
9,77,17,20.12373284,24.45202552,5.783425416,106.158201,Loam,Rabi(November - April),60050,Beans
1,62,23,15.43546065,18.37477907,5.607808432,139.0302034,Loam,Rabi(November - April),60100,Beans
33,59,22,22.64236876,21.59396123,5.946999529,122.3886015,Loam,Rabi(November - April),60150,Beans
0,55,22,22.98666928,20.57940608,5.916779289,143.8584938,Loam,Rabi(November - April),64150,Beans
14,59,15,21.35135729,22.91244883,5.779090476,146.4548645,Loam,Rabi(November - April),64200,Beans
29,68,23,24.1638445,19.27907819,5.82738029,116.7324324,Loam,Rabi(November - April),64250,Beans
27,71,23,23.45379018,46.48714759,7.10959773,150.8712202,Clay,Rabi(November - April),36700,Peas
36,61,21,34.53823889,39.04468913,5.617008201,168.5948318,Sandy,Rabi(November - April),36750,Peas
17,73,18,19.50112224,34.51086611,5.632353113,197.3752649,Sandy,Rabi(November - April),39850,Peas
26,72,22,28.76794904,37.57792132,4.674941549,91.72084869,Sandy,Rabi(November - April),39900,Peas
17,64,16,30.97758716,32.24914235,7.161797643,180.716828,Clay,Rabi(November - April),39950,Peas
5,77,19,31.08564994,66.68832981,6.242052013,175.9303271,Sandy,Rabi(November - April),38600,Peas
5,68,20,18.72987676,61.33186249,5.001038726,139.8710041,Sandy,Rabi(November - April),38650,Peas
31,56,23,31.46846241,35.39454002,5.661826398,174.5723999,Sandy,Rabi(November - April),38850,Peas
0,70,21,36.30049702,56.03021253,4.672437054,101.6073988,Sandy,Rabi(November - April),38900,Peas
21,74,15,29.49096726,67.10604388,6.471862118,153.2504506,Sandy,Rabi(November - April),38950,Peas
13,67,18,30.5753044,34.75591197,5.384762927,177.5764304,Sandy,Rabi(November - April),39000,Peas
27,74,20,24.69487673,59.96669215,5.859813416,91.95792434,Sandy,Rabi(November - April),39050,Peas
7,74,17,22.47253208,62.56532471,5.667419697,96.74706956,Sandy,Rabi(November - April),39700,Peas
17,64,18,36.75087487,58.25799145,6.07938452,124.6028153,Sandy,Rabi(November - April),37750,Peas
35,71,17,29.89286629,66.35375127,6.931924963,198.1403003,Clay,Rabi(November - April),37800,Peas
11,72,22,29.37735586,44.82294584,6.842744374,172.40168,Clay,Rabi(November - April),37850,Peas
20,60,22,29.65052947,42.89833235,6.876572503,186.9226052,Clay,Rabi(November - April),37900,Peas
10,71,18,19.54284889,66.34777265,6.151029296,173.1106982,Sandy,Rabi(November - April),39950,Peas
33,61,24,20.04611791,48.93905624,4.567446499,122.4564203,Sandy,Rabi(November - April),40000,Peas
35,51,17,28.79929247,49.84213387,3.558822825,40.85534718,Loam,Zaid(March - June),56784.42624,Groundnuts
17,56,17,27.94293692,45.41393636,5.9565851,69.66289997,Sandy,Zaid(March - June),4000.252,Groundnuts
28,57,17,30.47757686,61.58245338,9.416003106,61.86633917,Black,Zaid(March - June),4000.252,Groundnuts
22,36,16,30.58139475,50.77148138,8.18422855,64.58559639,Black,Zaid(March - June),4567.6426,Groundnuts
11,41,19,26.85911286,41.81420849,5.131779302,44.13827124,Sandy,Zaid(March - June),65334.51351,Groundnuts
38,38,18,26.31051759,61.18749126,6.294130313,35.73403813,Sandy,Zaid(March - June),54343.43634,Groundnuts
23,37,24,28.77833449,44.2252605,7.991902443,33.95825723,Black,Zaid(March - June),63433.63634,Groundnuts
25,35,20,28.90245417,43.35365671,8.923095695,71.90018566,Black,Zaid(March - June),6788.364634,Groundnuts
40,45,20,29.37687468,57.69622912,6.878498176,38.34303462,Black,Zaid(March - June),56432.64636,Groundnuts
23,58,19,24.17093241,58.25204566,5.243634849,59.18953429,Sandy,Zaid(March - June),54325.42643,Groundnuts
2,56,23,26.65333029,59.79023382,7.550090941,36.91852635,Black,Zaid(March - June),5643.64363,Groundnuts
3,56,17,28.19912143,53.50567601,8.709291688,52.13580529,Black,Zaid(March - June),54322.5253,Groundnuts
40,45,18,30.43683729,55.20522037,5.261285926,30.92014047,Loam,Zaid(March - June),76544.74575,Groundnuts
35,38,19,25.32688786,63.18180319,9.112771682,32.71129281,Black,Zaid(March - June),54675.3634,Groundnuts
14,58,17,30.53684308,59.96664731,4.605700542,33.48919022,Loam,Zaid(March - June),76543.34647,Groundnuts
40,55,18,30.38257873,40.5926071,7.115994051,47.95406479,Black,Zaid(March - June),54897.54745,Groundnuts
18,36,23,24.01825377,53.76623369,7.214078621,35.03404425,Black,Zaid(March - June),76231.53263,Groundnuts
35,52,15,28.69841277,61.14754363,9.93509073,65.67591794,Black,Zaid(March - June),8000.76457,Groundnuts
4,59,22,29.33743412,49.00323081,8.914074888,42.44054315,Black,Zaid(March - June),45333.12414,Groundnuts
34,45,21,28.18837136,82.60629652,6.287380117,37.01110438,Red & Yellow,Kharif(June - Octomber),25300,Cowpeas
13,57,25,28.30041493,86.20681554,6.86308576,50.47333854,Red & Yellow,Kharif(June - Octomber),25350,Cowpeas
33,57,17,27.89636126,88.71782287,6.78415271,57.79863368,Red & Yellow,Kharif(June - Octomber),25400,Cowpeas
32,57,22,28.6899851,87.50436797,6.769415888,44.56598352,Red & Yellow,Kharif(June - Octomber),25450,Cowpeas
23,59,25,27.8262623,88.73100226,6.320768488,56.68833819,Red & Yellow,Kharif(June - Octomber),25500,Cowpeas
35,41,18,28.70562673,81.59200689,6.705008504,59.87065439,Red & Yellow,Kharif(June - Octomber),25550,Cowpeas
6,48,24,28.6362812,84.61431076,6.790736339,48.48319335,Red & Yellow,Kharif(June - Octomber),25600,Cowpeas
29,36,25,28.28511547,88.4393979,7.130278657,48.56690235,Clay,Kharif(June - Octomber),25650,Cowpeas
4,36,22,27.60887393,86.13316408,7.012740397,43.80041104,Clay,Kharif(June - Octomber),25700,Cowpeas
30,37,25,29.89129144,80.14487166,7.120032489,54.7960127,Clay,Kharif(June - Octomber),27450,Cowpeas
9,35,20,27.41503453,80.98004661,6.91380932,40.53173216,Clay,Kharif(June - Octomber),27500,Cowpeas
20,41,20,29.27308605,89.4875022,7.073048264,50.9246554,Clay,Kharif(June - Octomber),27550,Cowpeas
37,50,23,29.65296893,88.48587386,6.5304707,56.01913159,Red & Yellow,Kharif(June - Octomber),27600,Cowpeas
34,35,21,28.44524991,82.67639542,6.684381357,58.18713162,Red & Yellow,Kharif(June - Octomber),27650,Cowpeas
14,37,15,27.96235681,83.97586797,6.581351374,48.9366954,Red & Yellow,Kharif(June - Octomber),27700,Cowpeas
23,39,22,29.25649321,81.97952224,6.86483915,42.02483277,Red & Yellow,Kharif(June - Octomber),27750,Cowpeas
6,47,18,29.16174608,80.28038146,6.715276663,40.16545979,Red & Yellow,Kharif(June - Octomber),28150,Cowpeas
24,44,17,29.8596912,80.03499648,6.666380512,50.66487502,Red & Yellow,Kharif(June - Octomber),28200,Cowpeas
25,59,19,29.06631494,83.6869203,6.626629798,43.95183726,Red & Yellow,Kharif(June - Octomber),28250,Cowpeas
32,56,21,27.38538997,88.66663953,6.702772465,58.29933073,Red & Yellow,Kharif(June - Octomber),28300,Cowpeas
8,45,18,27.93034941,85.42058715,7.011030515,43.25095608,Clay,Kharif(June - Octomber),28350,Cowpeas
19,39,17,29.2808618,81.8009244,6.890156495,44.47427436,Clay,Kharif(June - Octomber),28400,Cowpeas
80,40,40,14.034,75.94067692,6.211833161,99.72430835,Sandy,Rabi(November - April),17945.60868,Wheat
94,40,48,15.987,50.0123,6.211833161,108.3957179,Sandy,Rabi(November - April),12332.2112,Wheat
80,43,47,13.654,51.9358,7.211833161,98.66679427,Black,Rabi(November - April),16945.2353,Wheat
81,41,41,12.3452,52.8401935,6.211833161,119.84797,Sandy,Rabi(November - April),9000.3252,Wheat
82,42,42,15.134253,53.49304,7.211833161,108.66464,Black,Rabi(November - April),12332.12415,Wheat
79,43,43,16.6537,54.539,8.211833161,102.7867717,Red & Yellow,Rabi(November - April),13232.24214,Wheat
78,44,44,14.7957,55.53,8.311833161,99.72430835,Red & Yellow,Rabi(November - April),16785.23523,Wheat
77,39,39,13.909786,56.6425,6.211833161,108.3957179,Loam,Rabi(November - April),12332.12514,Wheat
76,38,38,14.6754,57.5135,7.211833161,98.66679427,Black,Rabi(November - April),15677.14125,Wheat
82,37,37,16.455,58.353,8.211833161,119.84797,Red & Yellow,Rabi(November - April),9000.3252,Wheat
30,15,15,17.77212145,21.59396123,6.211833161,500.5235,Red & Yellow,Kharif(June - Octomber),14500,Millets
31,14,14,19.32065218,24.87304788,7.211833161,600.4325,Red & Yellow,Kharif(June - Octomber),15000,Millets
32,13,13,18.77665902,18.09224048,6.211833161,700.5452,Sandy,Kharif(June - Octomber),15500,Millets
33,12,12,17.36606398,21.14544088,7.211833161,800.531,Red & Yellow,Kharif(June - Octomber),16000,Millets
34,11,11,18.4872007,19.68751084,8.211833161,854.904,Red & Yellow,Kharif(June - Octomber),16500,Millets
35,16,16,19.23025305,19.7520218,9.211833161,678.5352,Red & Yellow,Kharif(June - Octomber),17000,Millets
29,17,17,17.3418614,24.84207559,6.211833161,890.31,Sandy,Kharif(June - Octomber),17500,Millets
28,18,18,17.67809436,24.25386207,7.211833161,891.5315,Red & Yellow,Kharif(June - Octomber),18000,Millets
27,18,18,29.86860065,23.75560241,8.211833161,892.315,Red & Yellow,Kharif(June - Octomber),18500,Millets
26,15,15,8.90078,20.70099804,7.895452,896.452,Loam,Kharif(June - Octomber),19000,Millets
80,40,40,12.3452,18.93146941,6.27258822,99.72430835,Sandy,Rabi(November - April),21000,Barley
81,41,41,15.134253,23.22197648,6.679127482,108.3957179,Sandy,Rabi(November - April),22450,Barley
82,42,42,16.6537,12.13214,6.689825155,98.66679427,Sandy,Rabi(November - April),25479,Barley
83,43,43,14.7957,12.43513,6.583381939,119.84797,Sandy,Rabi(November - April),23452,Barley
84,44,44,13.909786,12.46464,6.725551062,108.66464,Sandy,Rabi(November - April),22345,Barley
80,40,40,14.6754,12.54657,7.069747814,102.7867717,Clay,Rabi(November - April),22260,Barley
79,39,39,16.455,12.65732,6.921993878,116.1616839,Clay,Rabi(November - April),24390,Barley
78,38,38,17.77212145,12.5624,6.770955317,118.6858263,Sandy,Rabi(November - April),25430,Barley
77,37,37,19.32065218,12.6464,6.983130466,98.21747528,Clay,Rabi(November - April),25000,Barley
150,80,80,27.33368994,64.47858698,7.895452,150.011431,Alluvial,Zaid(March - June),55644.235,Sugarcane
151,81,81,27.40053601,62.67087838,6.27258822,150.02435,Loam,Zaid(March - June),55655.44,Sugarcane
152,80,80,29.3159075,67.96910852,6.679127482,150.03141,Loam,Zaid(March - June),56621.16,Sugarcane
153,82,82,26.05433004,52.31098539,6.689825155,150.674,Loam,Zaid(March - June),55678.2352,Sugarcane
150,83,83,25.86632408,64.57578034,6.583381939,150.35235,Loam,Zaid(March - June),55432.24624,Sugarcane
151,80,80,27.00932084,54.15319242,6.725551062,150.2144,Alluvial,Zaid(March - June),56432.3135,Sugarcane
155,84,84,29.55054817,68.4233391,7.069747814,150.40639,Alluvial,Zaid(March - June),56432.53253,Sugarcane
150,85,85,26.28845991,52.26311691,6.921993878,150.350345,Alluvial,Zaid(March - June),55674.42624,Sugarcane
18,80,80,29.16226551,67.06230539,6.770955317,150.453,Alluvial,Zaid(March - June),55097.34634,Sugarcane
157,80,80,28.65003945,68.44030686,6.983130466,150.315,Alluvial,Zaid(March - June),55123.2352,Sugarcane
10,10,10,18.15300153,95.1341,4.13513,150.2413414,Mountain and Forest,Kharif(June - Octomber),40005.85804,Tea
9,9,9,18.87957654,95.141,5.35135,150.241241,Laterite,Kharif(June - Octomber),40041.4484,Tea
8,8,8,29.47741671,95.1341,4.214124,150.1351353,Mountain and Forest,Kharif(June - Octomber),39788.7584,Tea
7,7,7,28.06903173,95.141,4.24124,150.135135,Mountain and Forest,Kharif(June - Octomber),42085.4487,Tea
10,10,10,25.66901098,90.5322,4.3535,150.41513,Mountain and Forest,Kharif(June - Octomber),42587.7484,Tea
9,9,9,29.77149434,91.531,4.76865,150.2141,Mountain and Forest,Kharif(June - Octomber),45486.7484,Tea
8,8,8,30.55472573,92.542,4.875957,150.14215,Mountain and Forest,Kharif(June - Octomber),48085.4884,Tea
7,7,7,23.96147583,93.141,4.6844,150.12421,Mountain and Forest,Kharif(June - Octomber),37856.4584,Tea
40,20,0,27.135135,27.687565,5.5898,30.7870878,Black,Kharif(June - Octomber),2500.4585,Jowar
41,21,0,28.41351,27.089944,5.563235,31.78968,Black,Kharif(June - Octomber),2600.4584,Jowar
42,22,0,28.06903173,27.54246,5.8324346,34.78896997,Black,Kharif(June - Octomber),2400.4504,Jowar
43,23,0,25.66901098,27.75957,5.09797687,36.88087,Black,Kharif(June - Octomber),2200.4507,Jowar
44,24,0,29.77149434,27.78978,6.897097,78.8979,Alluvial,Kharif(June - Octomber),1700.4584,Jowar
45,20,0,30.55472573,27.476467,6.257,65.65648,Alluvial,Kharif(June - Octomber),2500.4284,Jowar
39,21,0,23.96147583,27.585,6.34646,56.70878,Alluvial,Kharif(June - Octomber),2700.445,Jowar
38,22,0,27.135135,27.597,6.44235,45.707,Alluvial,Kharif(June - Octomber),2700.4285,Jowar
37,23,0,28.41351,27.587579,6.9797907,39.707,Black,Kharif(June - Octomber),2300.4584,Jowar
30,60,60,12.13124,50.1515,5.315161,100.24134,Loam,Kharif(June - Octomber),40000.51288,Chilli
31,60,60,12.321435,50.241,5.135135,100.2414,Loam,Kharif(June - Octomber),42000.75887,Chilli
32,61,61,12.4352,50.35353,5.913513,120.24124,Sandy,Rabi(November - April),39745.45044,Chilli
33,62,62,12.2415,50.24151,5.135135,98.2415,Loam,Kharif(June - Octomber),42748.4584,Chilli
34,63,63,12.35135,50.14124,5.135135,93.24124,Loam,Kharif(June - Octomber),45695.7588,Chilli
35,64,64,12.4351,50.151335,6.46426,94.124124,Sandy,Rabi(November - April),45685.5487,Chilli
30,60,60,12.353646,50.25353,7.35136,95.121515,Sandy,Rabi(November - April),45669.4587,Chilli
31,61,61,12.24355,50.15353,7.236324,95.15135,Clay,Kharif(June - Octomber),49458.4285,Chilli
32,62,62,12.415135,40.2515,7.426426,96.12515,Clay,Kharif(June - Octomber),51846.4285,Chilli
33,65,65,12.3535,59.2513,7.46246,96.3513,Clay,Kharif(June - Octomber),45861.48815,Chilli
50,25,25,29.47741671,50.35353,7.014,100.24134,Sandy,Kharif(June - Octomber),3825.666967,Sesame
51,24,24,28.06903173,50.24151,6.89575,100.2414,Loam,Kharif(June - Octomber),3826.856885,Sesame
52,23,23,25.66901098,50.14124,7.9013501,120.24124,Loam,Kharif(June - Octomber),3452.566877,Sesame
53,22,22,29.77149434,50.151335,6.908,98.2415,Loam,Kharif(June - Octomber),3926.676195,Sesame
50,21,21,30.55472573,50.25353,7.013135,93.24124,Loam,Kharif(June - Octomber),4256.766497,Sesame
51,25,25,23.96147583,50.15353,7.35735,94.124124,Sandy,Kharif(June - Octomber),4456.02488,Sesame
52,24,24,27.135135,40.2515,7.5735,95.121515,Sandy,Kharif(June - Octomber),4459.05488,Sesame
53,23,23,28.41351,59.2513,7.35735,78.78875,Sandy,Kharif(June - Octomber),4900.8488,Sesame
80,40,40,14.034,75.94067692,6.211833161,99.72430835,Sandy,Rabi(November - April),17945.60868,Wheat
94,40,48,15.987,50.0123,6.211833161,108.3957179,Sandy,Rabi(November - April),12332.2112,Wheat
80,43,47,13.654,51.9358,7.211833161,98.66679427,Black,Rabi(November - April),16945.2353,Wheat
81,41,41,12.3452,52.8401935,6.211833161,119.84797,Sandy,Rabi(November - April),9000.3252,Wheat
82,42,42,15.134253,53.49304,7.211833161,108.66464,Black,Rabi(November - April),12332.12415,Wheat
79,43,43,16.6537,54.539,8.211833161,102.7867717,Red & Yellow,Rabi(November - April),13232.24214,Wheat
78,44,44,14.7957,55.53,8.311833161,99.72430835,Red & Yellow,Rabi(November - April),16785.23523,Wheat
77,39,39,13.909786,56.6425,6.211833161,108.3957179,Loam,Rabi(November - April),12332.12514,Wheat
76,38,38,14.6754,57.5135,7.211833161,98.66679427,Black,Rabi(November - April),15677.14125,Wheat
82,37,37,16.455,58.353,8.211833161,119.84797,Red & Yellow,Rabi(November - April),9000.3252,Wheat
30,15,15,17.77212145,21.59396123,6.211833161,500.5235,Red & Yellow,Kharif(June - Octomber),14500,Millets
31,14,14,19.32065218,24.87304788,7.211833161,600.4325,Red & Yellow,Kharif(June - Octomber),15615,Millets
32,13,13,18.77665902,18.09224048,6.211833161,700.5452,Sandy,Kharif(June - Octomber),16453,Millets
32,12,12,17.36606398,21.14544088,7.211833161,800.531,Red & Yellow,Kharif(June - Octomber),16000,Millets
34,11,11,18.4872007,19.68751084,8.211833161,854.904,Red & Yellow,Kharif(June - Octomber),16500,Millets
35,15,16,19.23025305,19.7520218,9.211833161,678.5352,Red & Yellow,Kharif(June - Octomber),17000,Millets
29,16,17,17.3418614,24.84207559,6.211833161,890.31,Sandy,Kharif(June - Octomber),17500,Millets
28,16,18,17.67809436,24.25386207,7.211833161,891.5315,Red & Yellow,Kharif(June - Octomber),18000,Millets
27,18,18,29.86860065,23.75560241,8.211833161,892.315,Red & Yellow,Kharif(June - Octomber),18500,Millets
26,15,15,8.90078,20.70099804,7.895452,896.452,Loam,Kharif(June - Octomber),19000,Millets
80,40,40,12.3452,18.93146941,6.27258822,99.72430835,Sandy,Rabi(November - April),21000,Barley
81,41,41,15.134253,23.22197648,6.679127482,108.3957179,Sandy,Rabi(November - April),22450,Barley
82,42,42,16.6537,12.13214,6.689825155,98.66679427,Sandy,Rabi(November - April),25479,Barley
83,43,43,14.7957,12.43513,6.583381939,119.84797,Sandy,Rabi(November - April),23452,Barley
84,44,44,13.909786,12.46464,6.725551062,108.66464,Sandy,Rabi(November - April),22345,Barley
80,40,40,14.6754,12.54657,7.069747814,102.7867717,Clay,Rabi(November - April),22260,Barley
79,39,39,16.455,12.65732,6.921993878,116.1616839,Clay,Rabi(November - April),24390,Barley
78,38,38,17.77212145,12.5624,6.770955317,118.6858263,Sandy,Rabi(November - April),25430,Barley
77,37,37,19.32065218,12.6464,6.983130466,98.21747528,Clay,Rabi(November - April),25000,Barley
150,80,80,27.33368994,64.47858698,7.895452,150.011431,Alluvial,Zaid(March - June),55644.235,Sugarcane
151,81,81,27.40053601,62.67087838,6.27258822,150.02435,Loam,Zaid(March - June),55655.44,Sugarcane
152,80,80,29.3159075,67.96910852,6.679127482,150.03141,Loam,Zaid(March - June),56621.16,Sugarcane
153,82,82,26.05433004,52.31098539,6.689825155,150.674,Loam,Zaid(March - June),55678.2352,Sugarcane
150,83,83,25.86632408,64.57578034,6.583381939,150.35235,Loam,Zaid(March - June),55432.24624,Sugarcane
151,80,80,27.00932084,54.15319242,6.725551062,150.2144,Alluvial,Zaid(March - June),56432.3135,Sugarcane
155,84,84,29.55054817,68.4233391,7.069747814,150.40639,Alluvial,Zaid(March - June),56432.53253,Sugarcane
150,85,85,26.28845991,52.26311691,6.921993878,150.350345,Alluvial,Zaid(March - June),55674.42624,Sugarcane
18,80,80,29.16226551,67.06230539,6.770955317,150.453,Alluvial,Zaid(March - June),55097.34634,Sugarcane
157,80,80,28.65003945,68.44030686,6.983130466,150.315,Alluvial,Zaid(March - June),55123.2352,Sugarcane
10,10,10,18.15300153,95.1341,4.13513,150.2413414,Mountain and Forest,Kharif(June - Octomber),40005.85804,Tea
9,9,9,18.87957654,95.141,5.35135,150.241241,Laterite,Kharif(June - Octomber),40041.4484,Tea
8,8,8,29.47741671,95.1341,4.214124,150.1351353,Mountain and Forest,Kharif(June - Octomber),39788.7584,Tea
7,7,7,28.06903173,95.141,4.24124,150.135135,Mountain and Forest,Kharif(June - Octomber),42085.4487,Tea
10,10,10,25.66901098,90.5322,4.3535,150.41513,Mountain and Forest,Kharif(June - Octomber),42587.7484,Tea
9,9,9,29.77149434,91.531,4.76865,150.2141,Mountain and Forest,Kharif(June - Octomber),45486.7484,Tea
8,8,8,30.55472573,92.542,4.875957,150.14215,Mountain and Forest,Kharif(June - Octomber),48085.4884,Tea
7,7,7,23.96147583,93.141,4.6844,150.12421,Mountain and Forest,Kharif(June - Octomber),37856.4584,Tea
40,20,0,27.135135,27.687565,5.5898,30.7870878,Black,Kharif(June - Octomber),2500.4585,Jowar
41,21,0,28.41351,27.089944,5.563235,31.78968,Black,Kharif(June - Octomber),2600.4584,Jowar
42,22,0,28.06903173,27.54246,5.8324346,34.78896997,Black,Kharif(June - Octomber),2400.4504,Jowar
43,23,0,25.66901098,27.75957,5.09797687,36.88087,Black,Kharif(June - Octomber),2200.4507,Jowar
44,24,0,29.77149434,27.78978,6.897097,78.8979,Alluvial,Kharif(June - Octomber),1700.4584,Jowar
45,20,0,30.55472573,27.476467,6.257,65.65648,Alluvial,Kharif(June - Octomber),2500.4284,Jowar
39,21,0,23.96147583,27.585,6.34646,56.70878,Alluvial,Kharif(June - Octomber),2700.445,Jowar
38,22,0,27.135135,27.597,6.44235,45.707,Alluvial,Kharif(June - Octomber),2700.4285,Jowar
37,23,0,28.41351,27.587579,6.9797907,39.707,Black,Kharif(June - Octomber),2300.4584,Jowar
30,60,60,12.13124,50.1515,5.315161,100.24134,Loam,Kharif(June - Octomber),40000.51288,Chilli
31,60,60,12.321435,50.241,5.135135,100.2414,Loam,Kharif(June - Octomber),42000.75887,Chilli
32,61,61,12.4352,50.35353,5.913513,120.24124,Sandy,Rabi(November - April),39745.45044,Chilli
33,62,62,12.2415,50.24151,5.135135,98.2415,Loam,Kharif(June - Octomber),42748.4584,Chilli
34,63,63,12.35135,50.14124,5.135135,93.24124,Loam,Kharif(June - Octomber),45695.7588,Chilli
35,64,64,12.4351,50.151335,6.46426,94.124124,Sandy,Rabi(November - April),45685.5487,Chilli
30,60,60,12.353646,50.25353,7.35136,95.121515,Sandy,Rabi(November - April),45669.4587,Chilli
31,61,61,12.24355,50.15353,7.236324,95.15135,Clay,Kharif(June - Octomber),49458.4285,Chilli
32,62,62,12.415135,40.2515,7.426426,96.12515,Clay,Kharif(June - Octomber),51846.4285,Chilli
33,65,65,12.3535,59.2513,7.46246,96.3513,Clay,Kharif(June - Octomber),45861.48815,Chilli
50,25,25,29.47741671,50.35353,7.014,100.24134,Sandy,Kharif(June - Octomber),3825.666967,Sesame
51,24,24,28.06903173,50.24151,6.89575,100.2414,Loam,Kharif(June - Octomber),3826.856885,Sesame
52,23,23,25.66901098,50.14124,7.9013501,120.24124,Loam,Kharif(June - Octomber),3452.566877,Sesame
53,22,22,29.77149434,50.151335,6.908,98.2415,Loam,Kharif(June - Octomber),3926.676195,Sesame
50,21,21,30.55472573,50.25353,7.013135,93.24124,Loam,Kharif(June - Octomber),4256.766497,Sesame
51,25,25,23.96147583,50.15353,7.35735,94.124124,Sandy,Kharif(June - Octomber),4456.02488,Sesame
52,24,24,27.135135,40.2515,7.5735,95.121515,Sandy,Kharif(June - Octomber),4459.05488,Sesame
53,23,23,28.41351,59.2513,7.35735,78.78875,Sandy,Kharif(June - Octomber),4900.8488,Sesame
